rank,feature,source
1,elo_momentum,Global Model RF Feature Importance
2,elo_before,Global Model RF Feature Importance
3,elo_decay,Global Model RF Feature Importance
4,elo_vol_4q,Global Model RF Feature Importance
5,actual_eps_qoq_growth_lag1,Global Model RF Feature Importance
6,price_1m_before,Global Model RF Feature Importance
7,price_3m_before,Global Model RF Feature Importance
8,total_revenue_qoq_growth_lag1,Global Model RF Feature Importance
9,revenue_estimate_average,Global Model RF Feature Importance
10,eps_estimate_average,Global Model RF Feature Importance
